SELECT * FROM item;
INSERT into major_category (major_category_id, name)
VALUES
(1, '상의'),
(2, '아우터'),
(3, '바지'),
(4, '원피스'),
(5, '스커트'),
(6, '신발');

INSERT INTO sub_category (sub_category_id, name, major_id)
VALUES
(1, '니트/스웨터', 1),
(2, '후드 티셔츠', 1),
(3, '맨투맨/스웨트 셔츠', 1),
(4, '셔츠/블라우스', 1),
(5, '피케/카라 티셔츠', 1),
(6, '티셔츠', 1),
(7, '스포츠 상의', 1),
(8, '기타 상의', 1),
(9, '후드 집업', 2),
(10, '블루종/MA-1', 2),
(11, '레더/라이더스 재킷', 2),
(12, '무스탕/퍼', 2),
(13, '트러커 재킷', 2),
(14, '슈트/블레이저 재킷', 2),
(15, '카디건', 2),
(16, '아노락 재킷', 2),
(17, '플리스/뽀글이', 2),
(18, '트레이닝 재킷', 2),
(19, '스타디움 재킷', 2),
(20, '코트', 2),
(21, '패딩/헤비 아우터', 2),
(22, '패딩 베스트', 2),
(23, '베스트', 2),
(24, '사파리/헌팅 재킷', 2),
(25, '나일론/코치 재킷', 2),
(26, '기타 아우터', 2),
(27, '데님 팬츠', 3),
(28, '코튼 팬츠', 3),
(29, '슈트 팬츠/슬랙스', 3),
(30, '트레이닝/조거 팬츠', 3),
(31, '숏 팬츠', 3),
(32, '레깅스', 3),
(33, '점프 슈트/오버올', 3),
(34, '스포츠 하의', 3),
(35, '가타 바지', 3),
(36, '미니 원피스', 4),
(37, '미디 원피스', 4),
(38, '맥시 원피스', 4),
(39, '미니스커트', 5),
(40, '미디스커트', 5),
(41, '롱스커트', 5),
(42, '구두', 6),
(43, '로퍼', 6),
(44, '힐/펌프스', 6),
(45, '플랫 슈즈', 6),
(46, '블로퍼', 6),
(47, '샌들', 6),
(48, '슬리퍼', 6),
(49, '기타 신발', 6),
(50, '모카신/보트 슈즈', 6);

INSERT into brand (brand_id, name)
VALUES
(1, 'BOHEMSEO'),
(2, 'MANGO MANY PLEASE'),
(3, 'SOMEWHEREBUTTER'),
(4, 'BLUEBRICK'),
(5, 'AGAINST ALL ODDS'),
(6, 'VUNQUE'),
(7, '1989STANDARD'),
(8, 'SIENNE'),
(9, 'REST&RECREATION'),
(10, 'PARTIMENTO WOMEN'),
(11, 'GLOWNY'),
(12, 'GROVE'),
(13, 'SNOWPEAK APPAREL'),
(14, 'BITTERCELLS'),
(15, 'PLACE STUDIO'),
(16, 'SATUR'),
(17, 'L.E.E.Y'),
(18, 'ROCKCAKE'),
(19, 'KIIMUIR'),
(20, 'DUNST FOR WOMEN'),
(21, 'INSILENCE WOMEN'),
(22, 'LAFUDGE FOR WOMAN'),
(23, 'PRENDA'),
(24, 'MATIN KIM'),
(25, 'YALE'),
(26, 'JILL BY JILLSTUART'),
(27, 'MONGDOL'),
(28, 'NACHE'),
(29, 'MARDI MERCREDI'),
(30, 'NOIAGO'),
(31, 'CODEGRAPHY'),
(32, 'BADBLOOD'),
(33, 'GAKKAI UNIONS'),
(34, 'AVANDRESS'),
(35, 'MARITHE FRANCOIS GIRBAUD'),
(36, 'JESTINA'),
(37, 'LMOOD'),
(38, 'K2'),
(39, 'LOEIL'),
(40, 'NASTY FANCY CLUB'),
(41, 'OVERDUEFLAIR'),
(42, 'RAIVE'),
(43, 'GLW'),
(44, 'SPAO'),
(45, 'THE NORTH FACE'),
(46, 'CURRENT'),
(47, 'STAND OIL'),
(48, 'LADY VOLUME'),
(49, 'DISCOVERY EXPEDITION'),
(50, 'SUARE'),
(51, 'MAISON MINED'),
(52, 'ADIDAS'),
(53, 'COVERNAT'),
(54, 'DRAW FIT'),
(55, 'DR.MARTENS'),
(56, 'LAFUDGESTORE'),
(57, 'LOOKAST'),
(58, 'LUV IS TRUE'),
(59, 'PARTIMENTO단독'),
(60, 'ROLAROLA'),
(61, 'SCULPTOR'),
(62, 'SOVERMENT'),
(63, 'THISISNEVERTHAT'),
(64, 'UNIFORM BRIDGE'),
(65, 'VANS'),
(66, 'XERO'),
(67, 'INSILENCE'),
(68, 'OIOI'),
(69, 'FILLUMINATE'),
(70, 'JEMUT'),
(71, 'MUSINSA STANDARD'),
(72, 'NATIONALGEOGRAPHIC'),
(73, 'FFROI'),
(74, 'FIND KAPOOR'),
(75, 'ROCKFISH WEATHERWEAR'),
(76, 'AMOMENTO'),
(77, 'TRILLION'),
(78, 'ESPIONAGE'),
(79, 'BRANDED'),
(80, 'COSTUME O’CLOCK'),
(81, 'INSTANTFUNK'),
(82, 'ANOTHER OFFICE'),
(83, 'BRENSON'),
(84, 'CITY BREEZE'),
(85, 'COOR'),
(86, 'DIMITRI BLACK'),
(87, 'DOFFJASON'),
(88, 'FRIZMWORKS'),
(89, 'HUNTER'),
(90, 'IL CORSO'),
(91, 'MAC MOC'),
(92, 'MILLIONCOR'),
(93, 'MODNINE'),
(94, 'NEW BALANCE'),
(95, 'NICK&NICOLE'),
(96, 'NOMANUAL'),
(97, 'OUTSTANDING'),
(98, 'POLO RALPH LAUREN'),
(99, 'REORG'),
(100, 'TOFFEE');

INSERT into item (item_id, name, price, brand_id, category_id)
VALUES
(1, 'BOHEMSEO 니트/스웨터', 75905, 1, 1),
(2, 'MANGO MANY PLEASE 니트/스웨터', 75854, 2, 1),
(3, 'SOMEWHEREBUTTER 니트/스웨터', 62348, 3, 1),
(4, 'BLUEBRICK 니트/스웨터', 49921, 4, 1),
(5, 'AGAINST ALL ODDS 니트/스웨터', 80806, 5, 1),
(6, 'VUNQUE 니트/스웨터', 23922, 6, 1),
(7, '1989STANDARD 니트/스웨터', 51119, 7, 1),
(8, 'SIENNE 니트/스웨터', 45374, 8, 1),
(9, 'REST&RECREATION 니트/스웨터', 24605, 9, 1),
(10, 'PARTIMENTO WOMEN 니트/스웨터', 41070, 10, 1),
(11, 'GLOWNY 니트/스웨터', 11255, 11, 1),
(12, 'GROVE 니트/스웨터', 80950, 12, 1),
(13, 'SNOWPEAK APPAREL 니트/스웨터', 32929, 13, 1),
(14, 'BITTERCELLS 니트/스웨터', 16200, 14, 1),
(15, 'PLACE STUDIO 니트/스웨터', 30370, 15, 1),
(16, 'SATUR 니트/스웨터', 34600, 16, 1),
(17, 'L.E.E.Y 니트/스웨터', 86518, 17, 1),
(18, 'ROCKCAKE 니트/스웨터', 39700, 18, 1),
(19, 'KIIMUIR 니트/스웨터', 47979, 19, 1),
(20, 'DUNST FOR WOMEN 니트/스웨터', 25995, 20, 1),
(21, 'INSILENCE WOMEN 후드 티셔츠', 90663, 21, 2),
(22, 'LAFUDGE FOR WOMAN 후드 티셔츠', 17283, 22, 2),
(23, 'PRENDA 후드 티셔츠', 78521, 23, 2),
(24, 'MATIN KIM 후드 티셔츠', 85049, 24, 2),
(25, 'YALE 후드 티셔츠', 96612, 25, 2),
(26, 'JILL BY JILLSTUART 후드 티셔츠', 95225, 26, 2),
(27, 'MONGDOL 후드 티셔츠', 26279, 27, 2),
(28, 'NACHE 후드 티셔츠', 76219, 28, 2),
(29, 'MARDI MERCREDI 후드 티셔츠', 27680, 29, 2),
(30, 'NOIAGO 후드 티셔츠', 29674, 30, 2),
(31, 'CODEGRAPHY 후드 티셔츠', 29155, 31, 2),
(32, 'BADBLOOD 후드 티셔츠', 51033, 32, 2),
(33, 'GAKKAI UNIONS 후드 티셔츠', 62561, 33, 2),
(34, 'AVANDRESS 후드 티셔츠', 72788, 34, 2),
(35, 'MARITHE FRANCOIS GIRBAUD 후드 티셔츠', 99201, 35, 2),
(36, 'JESTINA 후드 티셔츠', 50453, 36, 2),
(37, 'LMOOD 후드 티셔츠', 52720, 37, 2),
(38, 'K2 후드 티셔츠', 76636, 38, 2),
(39, 'LOEIL 후드 티셔츠', 30851, 39, 2),
(40, 'NASTY FANCY CLUB 후드 티셔츠', 17452, 40, 2),
(41, 'OVERDUEFLAIR 맨투맨/스웨트 셔츠', 83178, 41, 3),
(42, 'RAIVE 맨투맨/스웨트 셔츠', 23594, 42, 3),
(43, 'GLW 맨투맨/스웨트 셔츠', 91167, 43, 3),
(44, 'SPAO 맨투맨/스웨트 셔츠', 47226, 44, 3),
(45, 'THE NORTH FACE 맨투맨/스웨트 셔츠', 93162, 45, 3),
(46, 'CURRENT 맨투맨/스웨트 셔츠', 65276, 46, 3),
(47, 'STAND OIL 맨투맨/스웨트 셔츠', 42932, 47, 3),
(48, 'LADY VOLUME 맨투맨/스웨트 셔츠', 16175, 48, 3),
(49, 'DISCOVERY EXPEDITION 맨투맨/스웨트 셔츠', 67836, 49, 3),
(50, 'SUARE 맨투맨/스웨트 셔츠', 98065, 50, 3),
(51, 'MAISON MINED 맨투맨/스웨트 셔츠', 53927, 51, 3),
(52, 'ADIDAS 맨투맨/스웨트 셔츠', 27010, 52, 3),
(53, 'COVERNAT 맨투맨/스웨트 셔츠', 81766, 53, 3),
(54, 'DRAW FIT 맨투맨/스웨트 셔츠', 15750, 54, 3),
(55, 'DR.MARTENS 맨투맨/스웨트 셔츠', 14542, 55, 3),
(56, 'LAFUDGESTORE 맨투맨/스웨트 셔츠', 22184, 56, 3),
(57, 'LOOKAST 맨투맨/스웨트 셔츠', 71264, 57, 3),
(58, 'LUV IS TRUE 맨투맨/스웨트 셔츠', 83090, 58, 3),
(59, 'PARTIMENTO단독 맨투맨/스웨트 셔츠', 89543, 59, 3),
(60, 'ROLAROLA 맨투맨/스웨트 셔츠', 66271, 60, 3),
(61, 'SCULPTOR 셔츠/블라우스', 83564, 61, 4),
(62, 'SOVERMENT 셔츠/블라우스', 48820, 62, 4),
(63, 'THISISNEVERTHAT 셔츠/블라우스', 66587, 63, 4),
(64, 'UNIFORM BRIDGE 셔츠/블라우스', 70928, 64, 4),
(65, 'VANS 셔츠/블라우스', 51782, 65, 4),
(66, 'XERO 셔츠/블라우스', 75995, 66, 4),
(67, 'INSILENCE 셔츠/블라우스', 61101, 67, 4),
(68, 'OIOI 셔츠/블라우스', 12237, 68, 4),
(69, 'FILLUMINATE 셔츠/블라우스', 78313, 69, 4),
(70, 'JEMUT 셔츠/블라우스', 69553, 70, 4),
(71, 'MUSINSA STANDARD 셔츠/블라우스', 98466, 71, 4),
(72, 'NATIONALGEOGRAPHIC 셔츠/블라우스', 84143, 72, 4),
(73, 'FFROI 셔츠/블라우스', 53675, 73, 4),
(74, 'FIND KAPOOR 셔츠/블라우스', 95004, 74, 4),
(75, 'ROCKFISH WEATHERWEAR 셔츠/블라우스', 54419, 75, 4),
(76, 'AMOMENTO 셔츠/블라우스', 57723, 76, 4),
(77, 'TRILLION 셔츠/블라우스', 15588, 77, 4),
(78, 'ESPIONAGE 셔츠/블라우스', 61179, 78, 4),
(79, 'BRANDED 셔츠/블라우스', 72566, 79, 4),
(80, 'COSTUME O’CLOCK 셔츠/블라우스', 65563, 80, 4),
(81, 'INSTANTFUNK 피케/카라 티셔츠', 95938, 81, 5),
(82, 'ANOTHER OFFICE 피케/카라 티셔츠', 45039, 82, 5),
(83, 'BRENSON 피케/카라 티셔츠', 13022, 83, 5),
(84, 'CITY BREEZE 피케/카라 티셔츠', 48024, 84, 5),
(85, 'COOR 피케/카라 티셔츠', 41997, 85, 5),
(86, 'DIMITRI BLACK 피케/카라 티셔츠', 81845, 86, 5),
(87, 'DOFFJASON 피케/카라 티셔츠', 64608, 87, 5),
(88, 'FRIZMWORKS 피케/카라 티셔츠', 72095, 88, 5),
(89, 'HUNTER 피케/카라 티셔츠', 58872, 89, 5),
(90, 'IL CORSO 피케/카라 티셔츠', 60581, 90, 5),
(91, 'MAC MOC 피케/카라 티셔츠', 22624, 91, 5),
(92, 'MILLIONCOR 피케/카라 티셔츠', 45313, 92, 5),
(93, 'MODNINE 피케/카라 티셔츠', 67801, 93, 5),
(94, 'NEW BALANCE 피케/카라 티셔츠', 52017, 94, 5),
(95, 'NICK&NICOLE 피케/카라 티셔츠', 60807, 95, 5),
(96, 'NOMANUAL 피케/카라 티셔츠', 22888, 96, 5),
(97, 'OUTSTANDING 피케/카라 티셔츠', 44413, 97, 5),
(98, 'POLO RALPH LAUREN 피케/카라 티셔츠', 19951, 98, 5),
(99, 'REORG 피케/카라 티셔츠', 12342, 99, 5),
(100, 'TOFFEE 피케/카라 티셔츠', 39568, 100, 5),
(101, 'BOHEMSEO 티셔츠', 60531, 1, 6),
(102, 'MANGO MANY PLEASE 티셔츠', 55106, 2, 6),
(103, 'SOMEWHEREBUTTER 티셔츠', 51249, 3, 6),
(104, 'BLUEBRICK 티셔츠', 45943, 4, 6),
(105, 'AGAINST ALL ODDS 티셔츠', 89083, 5, 6),
(106, 'VUNQUE 티셔츠', 67294, 6, 6),
(107, '1989STANDARD 티셔츠', 67103, 7, 6),
(108, 'SIENNE 티셔츠', 96234, 8, 6),
(109, 'REST&RECREATION 티셔츠', 95242, 9, 6),
(110, 'PARTIMENTO WOMEN 티셔츠', 83021, 10, 6),
(111, 'GLOWNY 티셔츠', 85712, 11, 6),
(112, 'GROVE 티셔츠', 83434, 12, 6),
(113, 'SNOWPEAK APPAREL 티셔츠', 32071, 13, 6),
(114, 'BITTERCELLS 티셔츠', 79789, 14, 6),
(115, 'PLACE STUDIO 티셔츠', 81240, 15, 6),
(116, 'SATUR 티셔츠', 63584, 16, 6),
(117, 'L.E.E.Y 티셔츠', 13802, 17, 6),
(118, 'ROCKCAKE 티셔츠', 41302, 18, 6),
(119, 'KIIMUIR 티셔츠', 37251, 19, 6),
(120, 'DUNST FOR WOMEN 티셔츠', 48170, 20, 6),
(121, 'INSILENCE WOMEN 스포츠 상의', 43856, 21, 7),
(122, 'LAFUDGE FOR WOMAN 스포츠 상의', 10351, 22, 7),
(123, 'PRENDA 스포츠 상의', 60098, 23, 7),
(124, 'MATIN KIM 스포츠 상의', 94585, 24, 7),
(125, 'YALE 스포츠 상의', 14038, 25, 7),
(126, 'JILL BY JILLSTUART 스포츠 상의', 16289, 26, 7),
(127, 'MONGDOL 스포츠 상의', 96325, 27, 7),
(128, 'NACHE 스포츠 상의', 95814, 28, 7),
(129, 'MARDI MERCREDI 스포츠 상의', 18898, 29, 7),
(130, 'NOIAGO 스포츠 상의', 15169, 30, 7),
(131, 'CODEGRAPHY 스포츠 상의', 30399, 31, 7),
(132, 'BADBLOOD 스포츠 상의', 81963, 32, 7),
(133, 'GAKKAI UNIONS 스포츠 상의', 20278, 33, 7),
(134, 'AVANDRESS 스포츠 상의', 94597, 34, 7),
(135, 'MARITHE FRANCOIS GIRBAUD 스포츠 상의', 15214, 35, 7),
(136, 'JESTINA 스포츠 상의', 93118, 36, 7),
(137, 'LMOOD 스포츠 상의', 39901, 37, 7),
(138, 'K2 스포츠 상의', 90025, 38, 7),
(139, 'LOEIL 스포츠 상의', 11258, 39, 7),
(140, 'NASTY FANCY CLUB 스포츠 상의', 49790, 40, 7),
(141, 'OVERDUEFLAIR 기타 상의', 31170, 41, 8),
(142, 'RAIVE 기타 상의', 44784, 42, 8),
(143, 'GLW 기타 상의', 83800, 43, 8),
(144, 'SPAO 기타 상의', 18262, 44, 8),
(145, 'THE NORTH FACE 기타 상의', 72027, 45, 8),
(146, 'CURRENT 기타 상의', 84476, 46, 8),
(147, 'STAND OIL 기타 상의', 34820, 47, 8),
(148, 'LADY VOLUME 기타 상의', 45178, 48, 8),
(149, 'DISCOVERY EXPEDITION 기타 상의', 75792, 49, 8),
(150, 'SUARE 기타 상의', 25429, 50, 8),
(151, 'MAISON MINED 기타 상의', 41274, 51, 8),
(152, 'ADIDAS 기타 상의', 33647, 52, 8),
(153, 'COVERNAT 기타 상의', 14612, 53, 8),
(154, 'DRAW FIT 기타 상의', 44086, 54, 8),
(155, 'DR.MARTENS 기타 상의', 65724, 55, 8),
(156, 'LAFUDGESTORE 기타 상의', 90103, 56, 8),
(157, 'LOOKAST 기타 상의', 40143, 57, 8),
(158, 'LUV IS TRUE 기타 상의', 31782, 58, 8),
(159, 'PARTIMENTO단독 기타 상의', 70499, 59, 8),
(160, 'ROLAROLA 기타 상의', 60976, 60, 8),
(161, 'SCULPTOR 후드 집업', 31099, 61, 9),
(162, 'SOVERMENT 후드 집업', 17728, 62, 9),
(163, 'THISISNEVERTHAT 후드 집업', 42727, 63, 9),
(164, 'UNIFORM BRIDGE 후드 집업', 52908, 64, 9),
(165, 'VANS 후드 집업', 13580, 65, 9),
(166, 'XERO 후드 집업', 99152, 66, 9),
(167, 'INSILENCE 후드 집업', 68868, 67, 9),
(168, 'OIOI 후드 집업', 30148, 68, 9),
(169, 'FILLUMINATE 후드 집업', 53797, 69, 9),
(170, 'JEMUT 후드 집업', 70766, 70, 9),
(171, 'MUSINSA STANDARD 후드 집업', 88424, 71, 9),
(172, 'NATIONALGEOGRAPHIC 후드 집업', 66766, 72, 9),
(173, 'FFROI 후드 집업', 76785, 73, 9),
(174, 'FIND KAPOOR 후드 집업', 54397, 74, 9),
(175, 'ROCKFISH WEATHERWEAR 후드 집업', 31664, 75, 9),
(176, 'AMOMENTO 후드 집업', 60265, 76, 9),
(177, 'TRILLION 후드 집업', 27696, 77, 9),
(178, 'ESPIONAGE 후드 집업', 57383, 78, 9),
(179, 'BRANDED 후드 집업', 28597, 79, 9),
(180, 'COSTUME O’CLOCK 후드 집업', 23366, 80, 9),
(181, 'INSTANTFUNK 블루종/MA-1', 90438, 81, 10),
(182, 'ANOTHER OFFICE 블루종/MA-1', 97232, 82, 10),
(183, 'BRENSON 블루종/MA-1', 90768, 83, 10),
(184, 'CITY BREEZE 블루종/MA-1', 42300, 84, 10),
(185, 'COOR 블루종/MA-1', 30250, 85, 10),
(186, 'DIMITRI BLACK 블루종/MA-1', 82399, 86, 10),
(187, 'DOFFJASON 블루종/MA-1', 92253, 87, 10),
(188, 'FRIZMWORKS 블루종/MA-1', 46595, 88, 10),
(189, 'HUNTER 블루종/MA-1', 87022, 89, 10),
(190, 'IL CORSO 블루종/MA-1', 35058, 90, 10),
(191, 'MAC MOC 블루종/MA-1', 35251, 91, 10),
(192, 'MILLIONCOR 블루종/MA-1', 69123, 92, 10),
(193, 'MODNINE 블루종/MA-1', 19888, 93, 10),
(194, 'NEW BALANCE 블루종/MA-1', 12445, 94, 10),
(195, 'NICK&NICOLE 블루종/MA-1', 76301, 95, 10),
(196, 'NOMANUAL 블루종/MA-1', 11350, 96, 10),
(197, 'OUTSTANDING 블루종/MA-1', 21649, 97, 10),
(198, 'POLO RALPH LAUREN 블루종/MA-1', 97552, 98, 10),
(199, 'REORG 블루종/MA-1', 94178, 99, 10),
(200, 'TOFFEE 블루종/MA-1', 28514, 100, 10),
(201, 'BOHEMSEO 레더/라이더스 재킷', 17091, 1, 11),
(202, 'MANGO MANY PLEASE 레더/라이더스 재킷', 42652, 2, 11),
(203, 'SOMEWHEREBUTTER 레더/라이더스 재킷', 84448, 3, 11),
(204, 'BLUEBRICK 레더/라이더스 재킷', 14367, 4, 11),
(205, 'AGAINST ALL ODDS 레더/라이더스 재킷', 98863, 5, 11),
(206, 'VUNQUE 레더/라이더스 재킷', 92081, 6, 11),
(207, '1989STANDARD 레더/라이더스 재킷', 13187, 7, 11),
(208, 'SIENNE 레더/라이더스 재킷', 91944, 8, 11),
(209, 'REST&RECREATION 레더/라이더스 재킷', 73036, 9, 11),
(210, 'PARTIMENTO WOMEN 레더/라이더스 재킷', 21857, 10, 11),
(211, 'GLOWNY 레더/라이더스 재킷', 10687, 11, 11),
(212, 'GROVE 레더/라이더스 재킷', 84951, 12, 11),
(213, 'SNOWPEAK APPAREL 레더/라이더스 재킷', 42447, 13, 11),
(214, 'BITTERCELLS 레더/라이더스 재킷', 51418, 14, 11),
(215, 'PLACE STUDIO 레더/라이더스 재킷', 12741, 15, 11),
(216, 'SATUR 레더/라이더스 재킷', 62461, 16, 11),
(217, 'L.E.E.Y 레더/라이더스 재킷', 52471, 17, 11),
(218, 'ROCKCAKE 레더/라이더스 재킷', 79965, 18, 11),
(219, 'KIIMUIR 레더/라이더스 재킷', 64207, 19, 11),
(220, 'DUNST FOR WOMEN 레더/라이더스 재킷', 62221, 20, 11),
(221, 'INSILENCE WOMEN 무스탕/퍼', 90520, 21, 12),
(222, 'LAFUDGE FOR WOMAN 무스탕/퍼', 41084, 22, 12),
(223, 'PRENDA 무스탕/퍼', 29384, 23, 12),
(224, 'MATIN KIM 무스탕/퍼', 94201, 24, 12),
(225, 'YALE 무스탕/퍼', 82126, 25, 12),
(226, 'JILL BY JILLSTUART 무스탕/퍼', 19813, 26, 12),
(227, 'MONGDOL 무스탕/퍼', 62133, 27, 12),
(228, 'NACHE 무스탕/퍼', 82803, 28, 12),
(229, 'MARDI MERCREDI 무스탕/퍼', 71487, 29, 12),
(230, 'NOIAGO 무스탕/퍼', 97260, 30, 12),
(231, 'CODEGRAPHY 무스탕/퍼', 92750, 31, 12),
(232, 'BADBLOOD 무스탕/퍼', 99371, 32, 12),
(233, 'GAKKAI UNIONS 무스탕/퍼', 66536, 33, 12),
(234, 'AVANDRESS 무스탕/퍼', 32698, 34, 12),
(235, 'MARITHE FRANCOIS GIRBAUD 무스탕/퍼', 54924, 35, 12),
(236, 'JESTINA 무스탕/퍼', 82226, 36, 12),
(237, 'LMOOD 무스탕/퍼', 89424, 37, 12),
(238, 'K2 무스탕/퍼', 27425, 38, 12),
(239, 'LOEIL 무스탕/퍼', 30013, 39, 12),
(240, 'NASTY FANCY CLUB 무스탕/퍼', 61350, 40, 12),
(241, 'OVERDUEFLAIR 트러커 재킷', 63385, 41, 13),
(242, 'RAIVE 트러커 재킷', 22181, 42, 13),
(243, 'GLW 트러커 재킷', 33876, 43, 13),
(244, 'SPAO 트러커 재킷', 90793, 44, 13),
(245, 'THE NORTH FACE 트러커 재킷', 94955, 45, 13),
(246, 'CURRENT 트러커 재킷', 61794, 46, 13),
(247, 'STAND OIL 트러커 재킷', 91622, 47, 13),
(248, 'LADY VOLUME 트러커 재킷', 57333, 48, 13),
(249, 'DISCOVERY EXPEDITION 트러커 재킷', 79115, 49, 13),
(250, 'SUARE 트러커 재킷', 76879, 50, 13),
(251, 'MAISON MINED 트러커 재킷', 10129, 51, 13),
(252, 'ADIDAS 트러커 재킷', 52432, 52, 13),
(253, 'COVERNAT 트러커 재킷', 61524, 53, 13),
(254, 'DRAW FIT 트러커 재킷', 61413, 54, 13),
(255, 'DR.MARTENS 트러커 재킷', 92018, 55, 13),
(256, 'LAFUDGESTORE 트러커 재킷', 68759, 56, 13),
(257, 'LOOKAST 트러커 재킷', 17427, 57, 13),
(258, 'LUV IS TRUE 트러커 재킷', 63970, 58, 13),
(259, 'PARTIMENTO단독 트러커 재킷', 99334, 59, 13),
(260, 'ROLAROLA 트러커 재킷', 12160, 60, 13),
(261, 'SCULPTOR 슈트/블레이저 재킷', 87414, 61, 14),
(262, 'SOVERMENT 슈트/블레이저 재킷', 15093, 62, 14),
(263, 'THISISNEVERTHAT 슈트/블레이저 재킷', 40164, 63, 14),
(264, 'UNIFORM BRIDGE 슈트/블레이저 재킷', 76288, 64, 14),
(265, 'VANS 슈트/블레이저 재킷', 81970, 65, 14),
(266, 'XERO 슈트/블레이저 재킷', 74538, 66, 14),
(267, 'INSILENCE 슈트/블레이저 재킷', 41436, 67, 14),
(268, 'OIOI 슈트/블레이저 재킷', 43204, 68, 14),
(269, 'FILLUMINATE 슈트/블레이저 재킷', 78717, 69, 14),
(270, 'JEMUT 슈트/블레이저 재킷', 49398, 70, 14),
(271, 'MUSINSA STANDARD 슈트/블레이저 재킷', 76920, 71, 14),
(272, 'NATIONALGEOGRAPHIC 슈트/블레이저 재킷', 72811, 72, 14),
(273, 'FFROI 슈트/블레이저 재킷', 26467, 73, 14),
(274, 'FIND KAPOOR 슈트/블레이저 재킷', 79000, 74, 14),
(275, 'ROCKFISH WEATHERWEAR 슈트/블레이저 재킷', 19949, 75, 14),
(276, 'AMOMENTO 슈트/블레이저 재킷', 96166, 76, 14),
(277, 'TRILLION 슈트/블레이저 재킷', 60092, 77, 14),
(278, 'ESPIONAGE 슈트/블레이저 재킷', 35708, 78, 14),
(279, 'BRANDED 슈트/블레이저 재킷', 42304, 79, 14),
(280, 'COSTUME O’CLOCK 슈트/블레이저 재킷', 47116, 80, 14),
(281, 'INSTANTFUNK 카디건', 20854, 81, 15),
(282, 'ANOTHER OFFICE 카디건', 85087, 82, 15),
(283, 'BRENSON 카디건', 20344, 83, 15),
(284, 'CITY BREEZE 카디건', 35383, 84, 15),
(285, 'COOR 카디건', 75860, 85, 15),
(286, 'DIMITRI BLACK 카디건', 97180, 86, 15),
(287, 'DOFFJASON 카디건', 58542, 87, 15),
(288, 'FRIZMWORKS 카디건', 43304, 88, 15),
(289, 'HUNTER 카디건', 23538, 89, 15),
(290, 'IL CORSO 카디건', 42500, 90, 15),
(291, 'MAC MOC 카디건', 93187, 91, 15),
(292, 'MILLIONCOR 카디건', 73337, 92, 15),
(293, 'MODNINE 카디건', 56210, 93, 15),
(294, 'NEW BALANCE 카디건', 63566, 94, 15),
(295, 'NICK&NICOLE 카디건', 44007, 95, 15),
(296, 'NOMANUAL 카디건', 89509, 96, 15),
(297, 'OUTSTANDING 카디건', 63436, 97, 15),
(298, 'POLO RALPH LAUREN 카디건', 50026, 98, 15),
(299, 'REORG 카디건', 94784, 99, 15),
(300, 'TOFFEE 카디건', 97077, 100, 15),
(301, 'BOHEMSEO 아노락 재킷', 89807, 1, 16),
(302, 'MANGO MANY PLEASE 아노락 재킷', 97391, 2, 16),
(303, 'SOMEWHEREBUTTER 아노락 재킷', 74851, 3, 16),
(304, 'BLUEBRICK 아노락 재킷', 86936, 4, 16),
(305, 'AGAINST ALL ODDS 아노락 재킷', 43493, 5, 16),
(306, 'VUNQUE 아노락 재킷', 74344, 6, 16),
(307, '1989STANDARD 아노락 재킷', 61640, 7, 16),
(308, 'SIENNE 아노락 재킷', 31844, 8, 16),
(309, 'REST&RECREATION 아노락 재킷', 39562, 9, 16),
(310, 'PARTIMENTO WOMEN 아노락 재킷', 48853, 10, 16),
(311, 'GLOWNY 아노락 재킷', 69867, 11, 16),
(312, 'GROVE 아노락 재킷', 36835, 12, 16),
(313, 'SNOWPEAK APPAREL 아노락 재킷', 47692, 13, 16),
(314, 'BITTERCELLS 아노락 재킷', 35720, 14, 16),
(315, 'PLACE STUDIO 아노락 재킷', 36531, 15, 16),
(316, 'SATUR 아노락 재킷', 10759, 16, 16),
(317, 'L.E.E.Y 아노락 재킷', 95876, 17, 16),
(318, 'ROCKCAKE 아노락 재킷', 14854, 18, 16),
(319, 'KIIMUIR 아노락 재킷', 55487, 19, 16),
(320, 'DUNST FOR WOMEN 아노락 재킷', 22309, 20, 16),
(321, 'INSILENCE WOMEN 플리스/뽀글이', 58518, 21, 17),
(322, 'LAFUDGE FOR WOMAN 플리스/뽀글이', 10476, 22, 17),
(323, 'PRENDA 플리스/뽀글이', 16435, 23, 17),
(324, 'MATIN KIM 플리스/뽀글이', 25712, 24, 17),
(325, 'YALE 플리스/뽀글이', 39164, 25, 17),
(326, 'JILL BY JILLSTUART 플리스/뽀글이', 47623, 26, 17),
(327, 'MONGDOL 플리스/뽀글이', 41381, 27, 17),
(328, 'NACHE 플리스/뽀글이', 48711, 28, 17),
(329, 'MARDI MERCREDI 플리스/뽀글이', 53531, 29, 17),
(330, 'NOIAGO 플리스/뽀글이', 63399, 30, 17),
(331, 'CODEGRAPHY 플리스/뽀글이', 28918, 31, 17),
(332, 'BADBLOOD 플리스/뽀글이', 86705, 32, 17),
(333, 'GAKKAI UNIONS 플리스/뽀글이', 80203, 33, 17),
(334, 'AVANDRESS 플리스/뽀글이', 67444, 34, 17),
(335, 'MARITHE FRANCOIS GIRBAUD 플리스/뽀글이', 75646, 35, 17),
(336, 'JESTINA 플리스/뽀글이', 40198, 36, 17),
(337, 'LMOOD 플리스/뽀글이', 97066, 37, 17),
(338, 'K2 플리스/뽀글이', 48117, 38, 17),
(339, 'LOEIL 플리스/뽀글이', 90195, 39, 17),
(340, 'NASTY FANCY CLUB 플리스/뽀글이', 22929, 40, 17),
(341, 'OVERDUEFLAIR 트레이닝 재킷', 30629, 41, 18),
(342, 'RAIVE 트레이닝 재킷', 52815, 42, 18),
(343, 'GLW 트레이닝 재킷', 22418, 43, 18),
(344, 'SPAO 트레이닝 재킷', 84720, 44, 18),
(345, 'THE NORTH FACE 트레이닝 재킷', 98375, 45, 18),
(346, 'CURRENT 트레이닝 재킷', 72122, 46, 18),
(347, 'STAND OIL 트레이닝 재킷', 41248, 47, 18),
(348, 'LADY VOLUME 트레이닝 재킷', 54672, 48, 18),
(349, 'DISCOVERY EXPEDITION 트레이닝 재킷', 46600, 49, 18),
(350, 'SUARE 트레이닝 재킷', 38673, 50, 18),
(351, 'MAISON MINED 트레이닝 재킷', 49847, 51, 18),
(352, 'ADIDAS 트레이닝 재킷', 10145, 52, 18),
(353, 'COVERNAT 트레이닝 재킷', 69936, 53, 18),
(354, 'DRAW FIT 트레이닝 재킷', 16369, 54, 18),
(355, 'DR.MARTENS 트레이닝 재킷', 19145, 55, 18),
(356, 'LAFUDGESTORE 트레이닝 재킷', 21968, 56, 18),
(357, 'LOOKAST 트레이닝 재킷', 52299, 57, 18),
(358, 'LUV IS TRUE 트레이닝 재킷', 46266, 58, 18),
(359, 'PARTIMENTO단독 트레이닝 재킷', 84844, 59, 18),
(360, 'ROLAROLA 트레이닝 재킷', 47315, 60, 18),
(361, 'SCULPTOR 스타디움 재킷', 57493, 61, 19),
(362, 'SOVERMENT 스타디움 재킷', 34347, 62, 19),
(363, 'THISISNEVERTHAT 스타디움 재킷', 25078, 63, 19),
(364, 'UNIFORM BRIDGE 스타디움 재킷', 79566, 64, 19),
(365, 'VANS 스타디움 재킷', 14445, 65, 19),
(366, 'XERO 스타디움 재킷', 74635, 66, 19),
(367, 'INSILENCE 스타디움 재킷', 40243, 67, 19),
(368, 'OIOI 스타디움 재킷', 36245, 68, 19),
(369, 'FILLUMINATE 스타디움 재킷', 39433, 69, 19),
(370, 'JEMUT 스타디움 재킷', 82644, 70, 19),
(371, 'MUSINSA STANDARD 스타디움 재킷', 88351, 71, 19),
(372, 'NATIONALGEOGRAPHIC 스타디움 재킷', 12409, 72, 19),
(373, 'FFROI 스타디움 재킷', 59392, 73, 19),
(374, 'FIND KAPOOR 스타디움 재킷', 49113, 74, 19),
(375, 'ROCKFISH WEATHERWEAR 스타디움 재킷', 31143, 75, 19),
(376, 'AMOMENTO 스타디움 재킷', 86514, 76, 19),
(377, 'TRILLION 스타디움 재킷', 62565, 77, 19),
(378, 'ESPIONAGE 스타디움 재킷', 76970, 78, 19),
(379, 'BRANDED 스타디움 재킷', 89984, 79, 19),
(380, 'COSTUME O’CLOCK 스타디움 재킷', 96069, 80, 19),
(381, 'INSTANTFUNK 코트', 11786, 81, 20),
(382, 'ANOTHER OFFICE 코트', 59898, 82, 20),
(383, 'BRENSON 코트', 84463, 83, 20),
(384, 'CITY BREEZE 코트', 15427, 84, 20),
(385, 'COOR 코트', 53498, 85, 20),
(386, 'DIMITRI BLACK 코트', 53939, 86, 20),
(387, 'DOFFJASON 코트', 92727, 87, 20),
(388, 'FRIZMWORKS 코트', 88339, 88, 20),
(389, 'HUNTER 코트', 56524, 89, 20),
(390, 'IL CORSO 코트', 15412, 90, 20),
(391, 'MAC MOC 코트', 73328, 91, 20),
(392, 'MILLIONCOR 코트', 21105, 92, 20),
(393, 'MODNINE 코트', 55740, 93, 20),
(394, 'NEW BALANCE 코트', 85668, 94, 20),
(395, 'NICK&NICOLE 코트', 13418, 95, 20),
(396, 'NOMANUAL 코트', 72472, 96, 20),
(397, 'OUTSTANDING 코트', 20375, 97, 20),
(398, 'POLO RALPH LAUREN 코트', 55026, 98, 20),
(399, 'REORG 코트', 24027, 99, 20),
(400, 'TOFFEE 코트', 75157, 100, 20),
(401, 'BOHEMSEO 패딩/헤비 아우터', 83839, 1, 21),
(402, 'MANGO MANY PLEASE 패딩/헤비 아우터', 44138, 2, 21),
(403, 'SOMEWHEREBUTTER 패딩/헤비 아우터', 13052, 3, 21),
(404, 'BLUEBRICK 패딩/헤비 아우터', 57024, 4, 21),
(405, 'AGAINST ALL ODDS 패딩/헤비 아우터', 17897, 5, 21),
(406, 'VUNQUE 패딩/헤비 아우터', 55380, 6, 21),
(407, '1989STANDARD 패딩/헤비 아우터', 23847, 7, 21),
(408, 'SIENNE 패딩/헤비 아우터', 40170, 8, 21),
(409, 'REST&RECREATION 패딩/헤비 아우터', 36314, 9, 21),
(410, 'PARTIMENTO WOMEN 패딩/헤비 아우터', 83540, 10, 21),
(411, 'GLOWNY 패딩/헤비 아우터', 74709, 11, 21),
(412, 'GROVE 패딩/헤비 아우터', 16119, 12, 21),
(413, 'SNOWPEAK APPAREL 패딩/헤비 아우터', 50052, 13, 21),
(414, 'BITTERCELLS 패딩/헤비 아우터', 51144, 14, 21),
(415, 'PLACE STUDIO 패딩/헤비 아우터', 18184, 15, 21),
(416, 'SATUR 패딩/헤비 아우터', 93080, 16, 21),
(417, 'L.E.E.Y 패딩/헤비 아우터', 69781, 17, 21),
(418, 'ROCKCAKE 패딩/헤비 아우터', 90875, 18, 21),
(419, 'KIIMUIR 패딩/헤비 아우터', 70854, 19, 21),
(420, 'DUNST FOR WOMEN 패딩/헤비 아우터', 73110, 20, 21),
(421, 'INSILENCE WOMEN 패딩 베스트', 19027, 21, 22),
(422, 'LAFUDGE FOR WOMAN 패딩 베스트', 30276, 22, 22),
(423, 'PRENDA 패딩 베스트', 46200, 23, 22),
(424, 'MATIN KIM 패딩 베스트', 30767, 24, 22),
(425, 'YALE 패딩 베스트', 74772, 25, 22),
(426, 'JILL BY JILLSTUART 패딩 베스트', 14905, 26, 22),
(427, 'MONGDOL 패딩 베스트', 75645, 27, 22),
(428, 'NACHE 패딩 베스트', 36545, 28, 22),
(429, 'MARDI MERCREDI 패딩 베스트', 82645, 29, 22),
(430, 'NOIAGO 패딩 베스트', 12004, 30, 22),
(431, 'CODEGRAPHY 패딩 베스트', 11391, 31, 22),
(432, 'BADBLOOD 패딩 베스트', 25425, 32, 22),
(433, 'GAKKAI UNIONS 패딩 베스트', 69006, 33, 22),
(434, 'AVANDRESS 패딩 베스트', 42376, 34, 22),
(435, 'MARITHE FRANCOIS GIRBAUD 패딩 베스트', 23573, 35, 22),
(436, 'JESTINA 패딩 베스트', 54700, 36, 22),
(437, 'LMOOD 패딩 베스트', 24580, 37, 22),
(438, 'K2 패딩 베스트', 74930, 38, 22),
(439, 'LOEIL 패딩 베스트', 37881, 39, 22),
(440, 'NASTY FANCY CLUB 패딩 베스트', 42835, 40, 22),
(441, 'OVERDUEFLAIR 베스트', 46682, 41, 23),
(442, 'RAIVE 베스트', 24351, 42, 23),
(443, 'GLW 베스트', 82558, 43, 23),
(444, 'SPAO 베스트', 85633, 44, 23),
(445, 'THE NORTH FACE 베스트', 71818, 45, 23),
(446, 'CURRENT 베스트', 39135, 46, 23),
(447, 'STAND OIL 베스트', 77410, 47, 23),
(448, 'LADY VOLUME 베스트', 52274, 48, 23),
(449, 'DISCOVERY EXPEDITION 베스트', 15078, 49, 23),
(450, 'SUARE 베스트', 12538, 50, 23),
(451, 'MAISON MINED 베스트', 57127, 51, 23),
(452, 'ADIDAS 베스트', 53863, 52, 23),
(453, 'COVERNAT 베스트', 66479, 53, 23),
(454, 'DRAW FIT 베스트', 66305, 54, 23),
(455, 'DR.MARTENS 베스트', 30086, 55, 23),
(456, 'LAFUDGESTORE 베스트', 38037, 56, 23),
(457, 'LOOKAST 베스트', 49744, 57, 23),
(458, 'LUV IS TRUE 베스트', 51326, 58, 23),
(459, 'PARTIMENTO단독 베스트', 45414, 59, 23),
(460, 'ROLAROLA 베스트', 47133, 60, 23),
(461, 'SCULPTOR 사파리/헌팅 재킷', 44400, 61, 24),
(462, 'SOVERMENT 사파리/헌팅 재킷', 95057, 62, 24),
(463, 'THISISNEVERTHAT 사파리/헌팅 재킷', 58753, 63, 24),
(464, 'UNIFORM BRIDGE 사파리/헌팅 재킷', 76915, 64, 24),
(465, 'VANS 사파리/헌팅 재킷', 12091, 65, 24),
(466, 'XERO 사파리/헌팅 재킷', 12356, 66, 24),
(467, 'INSILENCE 사파리/헌팅 재킷', 88332, 67, 24),
(468, 'OIOI 사파리/헌팅 재킷', 64900, 68, 24),
(469, 'FILLUMINATE 사파리/헌팅 재킷', 80978, 69, 24),
(470, 'JEMUT 사파리/헌팅 재킷', 66538, 70, 24),
(471, 'MUSINSA STANDARD 사파리/헌팅 재킷', 38230, 71, 24),
(472, 'NATIONALGEOGRAPHIC 사파리/헌팅 재킷', 93675, 72, 24),
(473, 'FFROI 사파리/헌팅 재킷', 77677, 73, 24),
(474, 'FIND KAPOOR 사파리/헌팅 재킷', 50059, 74, 24),
(475, 'ROCKFISH WEATHERWEAR 사파리/헌팅 재킷', 48239, 75, 24),
(476, 'AMOMENTO 사파리/헌팅 재킷', 37721, 76, 24),
(477, 'TRILLION 사파리/헌팅 재킷', 99787, 77, 24),
(478, 'ESPIONAGE 사파리/헌팅 재킷', 15305, 78, 24),
(479, 'BRANDED 사파리/헌팅 재킷', 53628, 79, 24),
(480, 'COSTUME O’CLOCK 사파리/헌팅 재킷', 32091, 80, 24),
(481, 'INSTANTFUNK 나일론/코치 재킷', 58104, 81, 25),
(482, 'ANOTHER OFFICE 나일론/코치 재킷', 78496, 82, 25),
(483, 'BRENSON 나일론/코치 재킷', 60545, 83, 25),
(484, 'CITY BREEZE 나일론/코치 재킷', 54754, 84, 25),
(485, 'COOR 나일론/코치 재킷', 74284, 85, 25),
(486, 'DIMITRI BLACK 나일론/코치 재킷', 85172, 86, 25),
(487, 'DOFFJASON 나일론/코치 재킷', 46980, 87, 25),
(488, 'FRIZMWORKS 나일론/코치 재킷', 54324, 88, 25),
(489, 'HUNTER 나일론/코치 재킷', 26847, 89, 25),
(490, 'IL CORSO 나일론/코치 재킷', 58979, 90, 25),
(491, 'MAC MOC 나일론/코치 재킷', 73806, 91, 25),
(492, 'MILLIONCOR 나일론/코치 재킷', 46222, 92, 25),
(493, 'MODNINE 나일론/코치 재킷', 72023, 93, 25),
(494, 'NEW BALANCE 나일론/코치 재킷', 82748, 94, 25),
(495, 'NICK&NICOLE 나일론/코치 재킷', 69491, 95, 25),
(496, 'NOMANUAL 나일론/코치 재킷', 70860, 96, 25),
(497, 'OUTSTANDING 나일론/코치 재킷', 95291, 97, 25),
(498, 'POLO RALPH LAUREN 나일론/코치 재킷', 33999, 98, 25),
(499, 'REORG 나일론/코치 재킷', 49034, 99, 25),
(500, 'TOFFEE 나일론/코치 재킷', 27559, 100, 25),
(501, 'BOHEMSEO 기타 아우터', 60630, 1, 26),
(502, 'MANGO MANY PLEASE 기타 아우터', 32829, 2, 26),
(503, 'SOMEWHEREBUTTER 기타 아우터', 94174, 3, 26),
(504, 'BLUEBRICK 기타 아우터', 90641, 4, 26),
(505, 'AGAINST ALL ODDS 기타 아우터', 48844, 5, 26),
(506, 'VUNQUE 기타 아우터', 92451, 6, 26),
(507, '1989STANDARD 기타 아우터', 71304, 7, 26),
(508, 'SIENNE 기타 아우터', 80345, 8, 26),
(509, 'REST&RECREATION 기타 아우터', 39685, 9, 26),
(510, 'PARTIMENTO WOMEN 기타 아우터', 36633, 10, 26),
(511, 'GLOWNY 기타 아우터', 48585, 11, 26),
(512, 'GROVE 기타 아우터', 35844, 12, 26),
(513, 'SNOWPEAK APPAREL 기타 아우터', 41303, 13, 26),
(514, 'BITTERCELLS 기타 아우터', 10855, 14, 26),
(515, 'PLACE STUDIO 기타 아우터', 63644, 15, 26),
(516, 'SATUR 기타 아우터', 92069, 16, 26),
(517, 'L.E.E.Y 기타 아우터', 47858, 17, 26),
(518, 'ROCKCAKE 기타 아우터', 86240, 18, 26),
(519, 'KIIMUIR 기타 아우터', 38652, 19, 26),
(520, 'DUNST FOR WOMEN 기타 아우터', 69845, 20, 26),
(521, 'INSILENCE WOMEN 데님 팬츠', 20165, 21, 27),
(522, 'LAFUDGE FOR WOMAN 데님 팬츠', 66176, 22, 27),
(523, 'PRENDA 데님 팬츠', 85652, 23, 27),
(524, 'MATIN KIM 데님 팬츠', 76885, 24, 27),
(525, 'YALE 데님 팬츠', 77402, 25, 27),
(526, 'JILL BY JILLSTUART 데님 팬츠', 64176, 26, 27),
(527, 'MONGDOL 데님 팬츠', 14842, 27, 27),
(528, 'NACHE 데님 팬츠', 16632, 28, 27),
(529, 'MARDI MERCREDI 데님 팬츠', 19807, 29, 27),
(530, 'NOIAGO 데님 팬츠', 57634, 30, 27),
(531, 'CODEGRAPHY 데님 팬츠', 72659, 31, 27),
(532, 'BADBLOOD 데님 팬츠', 69196, 32, 27),
(533, 'GAKKAI UNIONS 데님 팬츠', 57925, 33, 27),
(534, 'AVANDRESS 데님 팬츠', 55295, 34, 27),
(535, 'MARITHE FRANCOIS GIRBAUD 데님 팬츠', 27499, 35, 27),
(536, 'JESTINA 데님 팬츠', 60487, 36, 27),
(537, 'LMOOD 데님 팬츠', 89972, 37, 27),
(538, 'K2 데님 팬츠', 22469, 38, 27),
(539, 'LOEIL 데님 팬츠', 95313, 39, 27),
(540, 'NASTY FANCY CLUB 데님 팬츠', 10616, 40, 27),
(541, 'OVERDUEFLAIR 코튼 팬츠', 27303, 41, 28),
(542, 'RAIVE 코튼 팬츠', 55377, 42, 28),
(543, 'GLW 코튼 팬츠', 39250, 43, 28),
(544, 'SPAO 코튼 팬츠', 79164, 44, 28),
(545, 'THE NORTH FACE 코튼 팬츠', 50778, 45, 28),
(546, 'CURRENT 코튼 팬츠', 65136, 46, 28),
(547, 'STAND OIL 코튼 팬츠', 49041, 47, 28),
(548, 'LADY VOLUME 코튼 팬츠', 50114, 48, 28),
(549, 'DISCOVERY EXPEDITION 코튼 팬츠', 42425, 49, 28),
(550, 'SUARE 코튼 팬츠', 19918, 50, 28),
(551, 'MAISON MINED 코튼 팬츠', 21731, 51, 28),
(552, 'ADIDAS 코튼 팬츠', 41722, 52, 28),
(553, 'COVERNAT 코튼 팬츠', 79151, 53, 28),
(554, 'DRAW FIT 코튼 팬츠', 52799, 54, 28),
(555, 'DR.MARTENS 코튼 팬츠', 67331, 55, 28),
(556, 'LAFUDGESTORE 코튼 팬츠', 14392, 56, 28),
(557, 'LOOKAST 코튼 팬츠', 59997, 57, 28),
(558, 'LUV IS TRUE 코튼 팬츠', 55761, 58, 28),
(559, 'PARTIMENTO단독 코튼 팬츠', 76776, 59, 28),
(560, 'ROLAROLA 코튼 팬츠', 62365, 60, 28),
(561, 'SCULPTOR 슈트 팬츠/슬랙스', 87685, 61, 29),
(562, 'SOVERMENT 슈트 팬츠/슬랙스', 28313, 62, 29),
(563, 'THISISNEVERTHAT 슈트 팬츠/슬랙스', 35283, 63, 29),
(564, 'UNIFORM BRIDGE 슈트 팬츠/슬랙스', 27188, 64, 29),
(565, 'VANS 슈트 팬츠/슬랙스', 59955, 65, 29),
(566, 'XERO 슈트 팬츠/슬랙스', 69111, 66, 29),
(567, 'INSILENCE 슈트 팬츠/슬랙스', 68475, 67, 29),
(568, 'OIOI 슈트 팬츠/슬랙스', 53976, 68, 29),
(569, 'FILLUMINATE 슈트 팬츠/슬랙스', 47000, 69, 29),
(570, 'JEMUT 슈트 팬츠/슬랙스', 37128, 70, 29),
(571, 'MUSINSA STANDARD 슈트 팬츠/슬랙스', 53635, 71, 29),
(572, 'NATIONALGEOGRAPHIC 슈트 팬츠/슬랙스', 56784, 72, 29),
(573, 'FFROI 슈트 팬츠/슬랙스', 69971, 73, 29),
(574, 'FIND KAPOOR 슈트 팬츠/슬랙스', 56734, 74, 29),
(575, 'ROCKFISH WEATHERWEAR 슈트 팬츠/슬랙스', 84523, 75, 29),
(576, 'AMOMENTO 슈트 팬츠/슬랙스', 80469, 76, 29),
(577, 'TRILLION 슈트 팬츠/슬랙스', 83422, 77, 29),
(578, 'ESPIONAGE 슈트 팬츠/슬랙스', 42751, 78, 29),
(579, 'BRANDED 슈트 팬츠/슬랙스', 68352, 79, 29),
(580, 'COSTUME O’CLOCK 슈트 팬츠/슬랙스', 51876, 80, 29),
(581, 'INSTANTFUNK 트레이닝/조거 팬츠', 87070, 81, 30),
(582, 'ANOTHER OFFICE 트레이닝/조거 팬츠', 40555, 82, 30),
(583, 'BRENSON 트레이닝/조거 팬츠', 33926, 83, 30),
(584, 'CITY BREEZE 트레이닝/조거 팬츠', 36043, 84, 30),
(585, 'COOR 트레이닝/조거 팬츠', 20237, 85, 30),
(586, 'DIMITRI BLACK 트레이닝/조거 팬츠', 77467, 86, 30),
(587, 'DOFFJASON 트레이닝/조거 팬츠', 92866, 87, 30),
(588, 'FRIZMWORKS 트레이닝/조거 팬츠', 80766, 88, 30),
(589, 'HUNTER 트레이닝/조거 팬츠', 64820, 89, 30),
(590, 'IL CORSO 트레이닝/조거 팬츠', 35117, 90, 30),
(591, 'MAC MOC 트레이닝/조거 팬츠', 18059, 91, 30),
(592, 'MILLIONCOR 트레이닝/조거 팬츠', 57964, 92, 30),
(593, 'MODNINE 트레이닝/조거 팬츠', 19460, 93, 30),
(594, 'NEW BALANCE 트레이닝/조거 팬츠', 10336, 94, 30),
(595, 'NICK&NICOLE 트레이닝/조거 팬츠', 18332, 95, 30),
(596, 'NOMANUAL 트레이닝/조거 팬츠', 40630, 96, 30),
(597, 'OUTSTANDING 트레이닝/조거 팬츠', 66003, 97, 30),
(598, 'POLO RALPH LAUREN 트레이닝/조거 팬츠', 69114, 98, 30),
(599, 'REORG 트레이닝/조거 팬츠', 14007, 99, 30),
(600, 'TOFFEE 트레이닝/조거 팬츠', 62117, 100, 30),
(601, 'BOHEMSEO 숏 팬츠', 32668, 1, 31),
(602, 'MANGO MANY PLEASE 숏 팬츠', 61353, 2, 31),
(603, 'SOMEWHEREBUTTER 숏 팬츠', 29210, 3, 31),
(604, 'BLUEBRICK 숏 팬츠', 12244, 4, 31),
(605, 'AGAINST ALL ODDS 숏 팬츠', 97138, 5, 31),
(606, 'VUNQUE 숏 팬츠', 72395, 6, 31),
(607, '1989STANDARD 숏 팬츠', 83435, 7, 31),
(608, 'SIENNE 숏 팬츠', 29482, 8, 31),
(609, 'REST&RECREATION 숏 팬츠', 44835, 9, 31),
(610, 'PARTIMENTO WOMEN 숏 팬츠', 41886, 10, 31),
(611, 'GLOWNY 숏 팬츠', 99633, 11, 31),
(612, 'GROVE 숏 팬츠', 57373, 12, 31),
(613, 'SNOWPEAK APPAREL 숏 팬츠', 37867, 13, 31),
(614, 'BITTERCELLS 숏 팬츠', 83150, 14, 31),
(615, 'PLACE STUDIO 숏 팬츠', 72706, 15, 31),
(616, 'SATUR 숏 팬츠', 26539, 16, 31),
(617, 'L.E.E.Y 숏 팬츠', 64007, 17, 31),
(618, 'ROCKCAKE 숏 팬츠', 58480, 18, 31),
(619, 'KIIMUIR 숏 팬츠', 59600, 19, 31),
(620, 'DUNST FOR WOMEN 숏 팬츠', 33782, 20, 31),
(621, 'INSILENCE WOMEN 레깅스', 85672, 21, 32),
(622, 'LAFUDGE FOR WOMAN 레깅스', 62777, 22, 32),
(623, 'PRENDA 레깅스', 22919, 23, 32),
(624, 'MATIN KIM 레깅스', 19864, 24, 32),
(625, 'YALE 레깅스', 16787, 25, 32),
(626, 'JILL BY JILLSTUART 레깅스', 61434, 26, 32),
(627, 'MONGDOL 레깅스', 61242, 27, 32),
(628, 'NACHE 레깅스', 74367, 28, 32),
(629, 'MARDI MERCREDI 레깅스', 71341, 29, 32),
(630, 'NOIAGO 레깅스', 73989, 30, 32),
(631, 'CODEGRAPHY 레깅스', 52485, 31, 32),
(632, 'BADBLOOD 레깅스', 79589, 32, 32),
(633, 'GAKKAI UNIONS 레깅스', 98300, 33, 32),
(634, 'AVANDRESS 레깅스', 24071, 34, 32),
(635, 'MARITHE FRANCOIS GIRBAUD 레깅스', 99361, 35, 32),
(636, 'JESTINA 레깅스', 48689, 36, 32),
(637, 'LMOOD 레깅스', 92552, 37, 32),
(638, 'K2 레깅스', 85798, 38, 32),
(639, 'LOEIL 레깅스', 12326, 39, 32),
(640, 'NASTY FANCY CLUB 레깅스', 37597, 40, 32),
(641, 'OVERDUEFLAIR 점프 슈트/오버올', 19600, 41, 33),
(642, 'RAIVE 점프 슈트/오버올', 14604, 42, 33),
(643, 'GLW 점프 슈트/오버올', 55685, 43, 33),
(644, 'SPAO 점프 슈트/오버올', 56670, 44, 33),
(645, 'THE NORTH FACE 점프 슈트/오버올', 92315, 45, 33),
(646, 'CURRENT 점프 슈트/오버올', 15851, 46, 33),
(647, 'STAND OIL 점프 슈트/오버올', 45931, 47, 33),
(648, 'LADY VOLUME 점프 슈트/오버올', 16062, 48, 33),
(649, 'DISCOVERY EXPEDITION 점프 슈트/오버올', 38469, 49, 33),
(650, 'SUARE 점프 슈트/오버올', 66090, 50, 33),
(651, 'MAISON MINED 점프 슈트/오버올', 67707, 51, 33),
(652, 'ADIDAS 점프 슈트/오버올', 66507, 52, 33),
(653, 'COVERNAT 점프 슈트/오버올', 79453, 53, 33),
(654, 'DRAW FIT 점프 슈트/오버올', 28167, 54, 33),
(655, 'DR.MARTENS 점프 슈트/오버올', 93234, 55, 33),
(656, 'LAFUDGESTORE 점프 슈트/오버올', 49098, 56, 33),
(657, 'LOOKAST 점프 슈트/오버올', 80348, 57, 33),
(658, 'LUV IS TRUE 점프 슈트/오버올', 36603, 58, 33),
(659, 'PARTIMENTO단독 점프 슈트/오버올', 53436, 59, 33),
(660, 'ROLAROLA 점프 슈트/오버올', 30363, 60, 33),
(661, 'SCULPTOR 스포츠 하의', 68171, 61, 34),
(662, 'SOVERMENT 스포츠 하의', 50035, 62, 34),
(663, 'THISISNEVERTHAT 스포츠 하의', 52372, 63, 34),
(664, 'UNIFORM BRIDGE 스포츠 하의', 40653, 64, 34),
(665, 'VANS 스포츠 하의', 96673, 65, 34),
(666, 'XERO 스포츠 하의', 42234, 66, 34),
(667, 'INSILENCE 스포츠 하의', 67198, 67, 34),
(668, 'OIOI 스포츠 하의', 91860, 68, 34),
(669, 'FILLUMINATE 스포츠 하의', 60705, 69, 34),
(670, 'JEMUT 스포츠 하의', 27256, 70, 34),
(671, 'MUSINSA STANDARD 스포츠 하의', 92886, 71, 34),
(672, 'NATIONALGEOGRAPHIC 스포츠 하의', 14022, 72, 34),
(673, 'FFROI 스포츠 하의', 49398, 73, 34),
(674, 'FIND KAPOOR 스포츠 하의', 66911, 74, 34),
(675, 'ROCKFISH WEATHERWEAR 스포츠 하의', 60988, 75, 34),
(676, 'AMOMENTO 스포츠 하의', 70316, 76, 34),
(677, 'TRILLION 스포츠 하의', 79337, 77, 34),
(678, 'ESPIONAGE 스포츠 하의', 21411, 78, 34),
(679, 'BRANDED 스포츠 하의', 16870, 79, 34),
(680, 'COSTUME O’CLOCK 스포츠 하의', 82553, 80, 34),
(681, 'INSTANTFUNK 가타 바지', 11061, 81, 35),
(682, 'ANOTHER OFFICE 가타 바지', 66506, 82, 35),
(683, 'BRENSON 가타 바지', 52061, 83, 35),
(684, 'CITY BREEZE 가타 바지', 73816, 84, 35),
(685, 'COOR 가타 바지', 14370, 85, 35),
(686, 'DIMITRI BLACK 가타 바지', 20232, 86, 35),
(687, 'DOFFJASON 가타 바지', 63994, 87, 35),
(688, 'FRIZMWORKS 가타 바지', 50526, 88, 35),
(689, 'HUNTER 가타 바지', 28937, 89, 35),
(690, 'IL CORSO 가타 바지', 33856, 90, 35),
(691, 'MAC MOC 가타 바지', 51850, 91, 35),
(692, 'MILLIONCOR 가타 바지', 97642, 92, 35),
(693, 'MODNINE 가타 바지', 92824, 93, 35),
(694, 'NEW BALANCE 가타 바지', 72167, 94, 35),
(695, 'NICK&NICOLE 가타 바지', 23050, 95, 35),
(696, 'NOMANUAL 가타 바지', 39810, 96, 35),
(697, 'OUTSTANDING 가타 바지', 96748, 97, 35),
(698, 'POLO RALPH LAUREN 가타 바지', 73834, 98, 35),
(699, 'REORG 가타 바지', 50749, 99, 35),
(700, 'TOFFEE 가타 바지', 61133, 100, 35),
(701, 'BOHEMSEO 미니 원피스', 18232, 1, 36),
(702, 'MANGO MANY PLEASE 미니 원피스', 78027, 2, 36),
(703, 'SOMEWHEREBUTTER 미니 원피스', 37921, 3, 36),
(704, 'BLUEBRICK 미니 원피스', 72129, 4, 36),
(705, 'AGAINST ALL ODDS 미니 원피스', 72570, 5, 36),
(706, 'VUNQUE 미니 원피스', 14112, 6, 36),
(707, '1989STANDARD 미니 원피스', 71412, 7, 36),
(708, 'SIENNE 미니 원피스', 41334, 8, 36),
(709, 'REST&RECREATION 미니 원피스', 47966, 9, 36),
(710, 'PARTIMENTO WOMEN 미니 원피스', 69418, 10, 36),
(711, 'GLOWNY 미니 원피스', 54535, 11, 36),
(712, 'GROVE 미니 원피스', 16517, 12, 36),
(713, 'SNOWPEAK APPAREL 미니 원피스', 72155, 13, 36),
(714, 'BITTERCELLS 미니 원피스', 78809, 14, 36),
(715, 'PLACE STUDIO 미니 원피스', 10859, 15, 36),
(716, 'SATUR 미니 원피스', 16913, 16, 36),
(717, 'L.E.E.Y 미니 원피스', 34809, 17, 36),
(718, 'ROCKCAKE 미니 원피스', 70382, 18, 36),
(719, 'KIIMUIR 미니 원피스', 76782, 19, 36),
(720, 'DUNST FOR WOMEN 미니 원피스', 12882, 20, 36),
(721, 'INSILENCE WOMEN 미디 원피스', 57080, 21, 37),
(722, 'LAFUDGE FOR WOMAN 미디 원피스', 54920, 22, 37),
(723, 'PRENDA 미디 원피스', 11052, 23, 37),
(724, 'MATIN KIM 미디 원피스', 61452, 24, 37),
(725, 'YALE 미디 원피스', 59493, 25, 37),
(726, 'JILL BY JILLSTUART 미디 원피스', 76395, 26, 37),
(727, 'MONGDOL 미디 원피스', 13362, 27, 37),
(728, 'NACHE 미디 원피스', 34098, 28, 37),
(729, 'MARDI MERCREDI 미디 원피스', 87921, 29, 37),
(730, 'NOIAGO 미디 원피스', 96124, 30, 37),
(731, 'CODEGRAPHY 미디 원피스', 61688, 31, 37),
(732, 'BADBLOOD 미디 원피스', 93839, 32, 37),
(733, 'GAKKAI UNIONS 미디 원피스', 41897, 33, 37),
(734, 'AVANDRESS 미디 원피스', 27971, 34, 37),
(735, 'MARITHE FRANCOIS GIRBAUD 미디 원피스', 46798, 35, 37),
(736, 'JESTINA 미디 원피스', 90512, 36, 37),
(737, 'LMOOD 미디 원피스', 43241, 37, 37),
(738, 'K2 미디 원피스', 26038, 38, 37),
(739, 'LOEIL 미디 원피스', 25226, 39, 37),
(740, 'NASTY FANCY CLUB 미디 원피스', 47976, 40, 37),
(741, 'OVERDUEFLAIR 맥시 원피스', 31997, 41, 38),
(742, 'RAIVE 맥시 원피스', 44239, 42, 38),
(743, 'GLW 맥시 원피스', 76701, 43, 38),
(744, 'SPAO 맥시 원피스', 67264, 44, 38),
(745, 'THE NORTH FACE 맥시 원피스', 65866, 45, 38),
(746, 'CURRENT 맥시 원피스', 37197, 46, 38),
(747, 'STAND OIL 맥시 원피스', 98143, 47, 38),
(748, 'LADY VOLUME 맥시 원피스', 42032, 48, 38),
(749, 'DISCOVERY EXPEDITION 맥시 원피스', 56573, 49, 38),
(750, 'SUARE 맥시 원피스', 40636, 50, 38),
(751, 'MAISON MINED 맥시 원피스', 65827, 51, 38),
(752, 'ADIDAS 맥시 원피스', 28671, 52, 38),
(753, 'COVERNAT 맥시 원피스', 38890, 53, 38),
(754, 'DRAW FIT 맥시 원피스', 71266, 54, 38),
(755, 'DR.MARTENS 맥시 원피스', 82534, 55, 38),
(756, 'LAFUDGESTORE 맥시 원피스', 56380, 56, 38),
(757, 'LOOKAST 맥시 원피스', 96182, 57, 38),
(758, 'LUV IS TRUE 맥시 원피스', 53045, 58, 38),
(759, 'PARTIMENTO단독 맥시 원피스', 89643, 59, 38),
(760, 'ROLAROLA 맥시 원피스', 58231, 60, 38),
(761, 'SCULPTOR 미니스커트', 18542, 61, 39),
(762, 'SOVERMENT 미니스커트', 22975, 62, 39),
(763, 'THISISNEVERTHAT 미니스커트', 41156, 63, 39),
(764, 'UNIFORM BRIDGE 미니스커트', 52853, 64, 39),
(765, 'VANS 미니스커트', 74356, 65, 39),
(766, 'XERO 미니스커트', 25116, 66, 39),
(767, 'INSILENCE 미니스커트', 97431, 67, 39),
(768, 'OIOI 미니스커트', 68766, 68, 39),
(769, 'FILLUMINATE 미니스커트', 17103, 69, 39),
(770, 'JEMUT 미니스커트', 26035, 70, 39),
(771, 'MUSINSA STANDARD 미니스커트', 61346, 71, 39),
(772, 'NATIONALGEOGRAPHIC 미니스커트', 12073, 72, 39),
(773, 'FFROI 미니스커트', 64814, 73, 39),
(774, 'FIND KAPOOR 미니스커트', 59347, 74, 39),
(775, 'ROCKFISH WEATHERWEAR 미니스커트', 52465, 75, 39),
(776, 'AMOMENTO 미니스커트', 15083, 76, 39),
(777, 'TRILLION 미니스커트', 19561, 77, 39),
(778, 'ESPIONAGE 미니스커트', 56339, 78, 39),
(779, 'BRANDED 미니스커트', 77147, 79, 39),
(780, 'COSTUME O’CLOCK 미니스커트', 83035, 80, 39),
(781, 'INSTANTFUNK 미디스커트', 78329, 81, 40),
(782, 'ANOTHER OFFICE 미디스커트', 25941, 82, 40),
(783, 'BRENSON 미디스커트', 85231, 83, 40),
(784, 'CITY BREEZE 미디스커트', 39725, 84, 40),
(785, 'COOR 미디스커트', 87576, 85, 40),
(786, 'DIMITRI BLACK 미디스커트', 22788, 86, 40),
(787, 'DOFFJASON 미디스커트', 18727, 87, 40),
(788, 'FRIZMWORKS 미디스커트', 13216, 88, 40),
(789, 'HUNTER 미디스커트', 45368, 89, 40),
(790, 'IL CORSO 미디스커트', 20362, 90, 40),
(791, 'MAC MOC 미디스커트', 97857, 91, 40),
(792, 'MILLIONCOR 미디스커트', 37238, 92, 40),
(793, 'MODNINE 미디스커트', 52547, 93, 40),
(794, 'NEW BALANCE 미디스커트', 77134, 94, 40),
(795, 'NICK&NICOLE 미디스커트', 22044, 95, 40),
(796, 'NOMANUAL 미디스커트', 85320, 96, 40),
(797, 'OUTSTANDING 미디스커트', 98396, 97, 40),
(798, 'POLO RALPH LAUREN 미디스커트', 79352, 98, 40),
(799, 'REORG 미디스커트', 52822, 99, 40),
(800, 'TOFFEE 미디스커트', 68689, 100, 40),
(801, 'BOHEMSEO 롱스커트', 57295, 1, 41),
(802, 'MANGO MANY PLEASE 롱스커트', 92005, 2, 41),
(803, 'SOMEWHEREBUTTER 롱스커트', 41934, 3, 41),
(804, 'BLUEBRICK 롱스커트', 27578, 4, 41),
(805, 'AGAINST ALL ODDS 롱스커트', 85960, 5, 41),
(806, 'VUNQUE 롱스커트', 30960, 6, 41),
(807, '1989STANDARD 롱스커트', 78382, 7, 41),
(808, 'SIENNE 롱스커트', 99247, 8, 41),
(809, 'REST&RECREATION 롱스커트', 36808, 9, 41),
(810, 'PARTIMENTO WOMEN 롱스커트', 17812, 10, 41),
(811, 'GLOWNY 롱스커트', 53956, 11, 41),
(812, 'GROVE 롱스커트', 61950, 12, 41),
(813, 'SNOWPEAK APPAREL 롱스커트', 78189, 13, 41),
(814, 'BITTERCELLS 롱스커트', 11285, 14, 41),
(815, 'PLACE STUDIO 롱스커트', 85215, 15, 41),
(816, 'SATUR 롱스커트', 82937, 16, 41),
(817, 'L.E.E.Y 롱스커트', 81670, 17, 41),
(818, 'ROCKCAKE 롱스커트', 58163, 18, 41),
(819, 'KIIMUIR 롱스커트', 24876, 19, 41),
(820, 'DUNST FOR WOMEN 롱스커트', 74334, 20, 41),
(821, 'INSILENCE WOMEN 구두', 16843, 21, 42),
(822, 'LAFUDGE FOR WOMAN 구두', 49271, 22, 42),
(823, 'PRENDA 구두', 30894, 23, 42),
(824, 'MATIN KIM 구두', 44608, 24, 42),
(825, 'YALE 구두', 18561, 25, 42),
(826, 'JILL BY JILLSTUART 구두', 83027, 26, 42),
(827, 'MONGDOL 구두', 22418, 27, 42),
(828, 'NACHE 구두', 11889, 28, 42),
(829, 'MARDI MERCREDI 구두', 48542, 29, 42),
(830, 'NOIAGO 구두', 13435, 30, 42),
(831, 'CODEGRAPHY 구두', 54205, 31, 42),
(832, 'BADBLOOD 구두', 35505, 32, 42),
(833, 'GAKKAI UNIONS 구두', 37885, 33, 42),
(834, 'AVANDRESS 구두', 43421, 34, 42),
(835, 'MARITHE FRANCOIS GIRBAUD 구두', 63276, 35, 42),
(836, 'JESTINA 구두', 24757, 36, 42),
(837, 'LMOOD 구두', 83556, 37, 42),
(838, 'K2 구두', 64297, 38, 42),
(839, 'LOEIL 구두', 26371, 39, 42),
(840, 'NASTY FANCY CLUB 구두', 35260, 40, 42),
(841, 'OVERDUEFLAIR 로퍼', 42406, 41, 43),
(842, 'RAIVE 로퍼', 51333, 42, 43),
(843, 'GLW 로퍼', 56213, 43, 43),
(844, 'SPAO 로퍼', 67660, 44, 43),
(845, 'THE NORTH FACE 로퍼', 71004, 45, 43),
(846, 'CURRENT 로퍼', 35679, 46, 43),
(847, 'STAND OIL 로퍼', 73613, 47, 43),
(848, 'LADY VOLUME 로퍼', 73622, 48, 43),
(849, 'DISCOVERY EXPEDITION 로퍼', 97444, 49, 43),
(850, 'SUARE 로퍼', 52035, 50, 43),
(851, 'MAISON MINED 로퍼', 83463, 51, 43),
(852, 'ADIDAS 로퍼', 17286, 52, 43),
(853, 'COVERNAT 로퍼', 71457, 53, 43),
(854, 'DRAW FIT 로퍼', 65922, 54, 43),
(855, 'DR.MARTENS 로퍼', 37176, 55, 43),
(856, 'LAFUDGESTORE 로퍼', 68757, 56, 43),
(857, 'LOOKAST 로퍼', 39235, 57, 43),
(858, 'LUV IS TRUE 로퍼', 92673, 58, 43),
(859, 'PARTIMENTO단독 로퍼', 14392, 59, 43),
(860, 'ROLAROLA 로퍼', 25827, 60, 43),
(861, 'SCULPTOR 힐/펌프스', 71324, 61, 44),
(862, 'SOVERMENT 힐/펌프스', 37260, 62, 44),
(863, 'THISISNEVERTHAT 힐/펌프스', 60694, 63, 44),
(864, 'UNIFORM BRIDGE 힐/펌프스', 85520, 64, 44),
(865, 'VANS 힐/펌프스', 78840, 65, 44),
(866, 'XERO 힐/펌프스', 67120, 66, 44),
(867, 'INSILENCE 힐/펌프스', 85065, 67, 44),
(868, 'OIOI 힐/펌프스', 42165, 68, 44),
(869, 'FILLUMINATE 힐/펌프스', 97229, 69, 44),
(870, 'JEMUT 힐/펌프스', 51684, 70, 44),
(871, 'MUSINSA STANDARD 힐/펌프스', 42122, 71, 44),
(872, 'NATIONALGEOGRAPHIC 힐/펌프스', 29441, 72, 44),
(873, 'FFROI 힐/펌프스', 73774, 73, 44),
(874, 'FIND KAPOOR 힐/펌프스', 30556, 74, 44),
(875, 'ROCKFISH WEATHERWEAR 힐/펌프스', 30235, 75, 44),
(876, 'AMOMENTO 힐/펌프스', 37527, 76, 44),
(877, 'TRILLION 힐/펌프스', 53120, 77, 44),
(878, 'ESPIONAGE 힐/펌프스', 34341, 78, 44),
(879, 'BRANDED 힐/펌프스', 20766, 79, 44),
(880, 'COSTUME O’CLOCK 힐/펌프스', 96341, 80, 44),
(881, 'INSTANTFUNK 플랫 슈즈', 32598, 81, 45),
(882, 'ANOTHER OFFICE 플랫 슈즈', 46759, 82, 45),
(883, 'BRENSON 플랫 슈즈', 71670, 83, 45),
(884, 'CITY BREEZE 플랫 슈즈', 58349, 84, 45),
(885, 'COOR 플랫 슈즈', 79973, 85, 45),
(886, 'DIMITRI BLACK 플랫 슈즈', 67952, 86, 45),
(887, 'DOFFJASON 플랫 슈즈', 89987, 87, 45),
(888, 'FRIZMWORKS 플랫 슈즈', 34968, 88, 45),
(889, 'HUNTER 플랫 슈즈', 10880, 89, 45),
(890, 'IL CORSO 플랫 슈즈', 98337, 90, 45),
(891, 'MAC MOC 플랫 슈즈', 17956, 91, 45),
(892, 'MILLIONCOR 플랫 슈즈', 86300, 92, 45),
(893, 'MODNINE 플랫 슈즈', 76317, 93, 45),
(894, 'NEW BALANCE 플랫 슈즈', 97765, 94, 45),
(895, 'NICK&NICOLE 플랫 슈즈', 27541, 95, 45),
(896, 'NOMANUAL 플랫 슈즈', 92066, 96, 45),
(897, 'OUTSTANDING 플랫 슈즈', 22189, 97, 45),
(898, 'POLO RALPH LAUREN 플랫 슈즈', 57472, 98, 45),
(899, 'REORG 플랫 슈즈', 76746, 99, 45),
(900, 'TOFFEE 플랫 슈즈', 47554, 100, 45),
(901, 'BOHEMSEO 블로퍼', 36704, 1, 46),
(902, 'MANGO MANY PLEASE 블로퍼', 30586, 2, 46),
(903, 'SOMEWHEREBUTTER 블로퍼', 54269, 3, 46),
(904, 'BLUEBRICK 블로퍼', 36613, 4, 46),
(905, 'AGAINST ALL ODDS 블로퍼', 95616, 5, 46),
(906, 'VUNQUE 블로퍼', 28931, 6, 46),
(907, '1989STANDARD 블로퍼', 25199, 7, 46),
(908, 'SIENNE 블로퍼', 25243, 8, 46),
(909, 'REST&RECREATION 블로퍼', 99708, 9, 46),
(910, 'PARTIMENTO WOMEN 블로퍼', 38916, 10, 46),
(911, 'GLOWNY 블로퍼', 20171, 11, 46),
(912, 'GROVE 블로퍼', 35800, 12, 46),
(913, 'SNOWPEAK APPAREL 블로퍼', 82057, 13, 46),
(914, 'BITTERCELLS 블로퍼', 20094, 14, 46),
(915, 'PLACE STUDIO 블로퍼', 67240, 15, 46),
(916, 'SATUR 블로퍼', 95257, 16, 46),
(917, 'L.E.E.Y 블로퍼', 46412, 17, 46),
(918, 'ROCKCAKE 블로퍼', 87209, 18, 46),
(919, 'KIIMUIR 블로퍼', 87579, 19, 46),
(920, 'DUNST FOR WOMEN 블로퍼', 11428, 20, 46),
(921, 'INSILENCE WOMEN 샌들', 21759, 21, 47),
(922, 'LAFUDGE FOR WOMAN 샌들', 12351, 22, 47),
(923, 'PRENDA 샌들', 66718, 23, 47),
(924, 'MATIN KIM 샌들', 24926, 24, 47),
(925, 'YALE 샌들', 38193, 25, 47),
(926, 'JILL BY JILLSTUART 샌들', 52954, 26, 47),
(927, 'MONGDOL 샌들', 98280, 27, 47),
(928, 'NACHE 샌들', 93485, 28, 47),
(929, 'MARDI MERCREDI 샌들', 63698, 29, 47),
(930, 'NOIAGO 샌들', 98138, 30, 47),
(931, 'CODEGRAPHY 샌들', 39770, 31, 47),
(932, 'BADBLOOD 샌들', 89953, 32, 47),
(933, 'GAKKAI UNIONS 샌들', 14936, 33, 47),
(934, 'AVANDRESS 샌들', 21090, 34, 47),
(935, 'MARITHE FRANCOIS GIRBAUD 샌들', 97006, 35, 47),
(936, 'JESTINA 샌들', 84484, 36, 47),
(937, 'LMOOD 샌들', 18935, 37, 47),
(938, 'K2 샌들', 17282, 38, 47),
(939, 'LOEIL 샌들', 15986, 39, 47),
(940, 'NASTY FANCY CLUB 샌들', 91356, 40, 47),
(941, 'OVERDUEFLAIR 슬리퍼', 30415, 41, 48),
(942, 'RAIVE 슬리퍼', 28205, 42, 48),
(943, 'GLW 슬리퍼', 85257, 43, 48),
(944, 'SPAO 슬리퍼', 33720, 44, 48),
(945, 'THE NORTH FACE 슬리퍼', 22930, 45, 48),
(946, 'CURRENT 슬리퍼', 58887, 46, 48),
(947, 'STAND OIL 슬리퍼', 69384, 47, 48),
(948, 'LADY VOLUME 슬리퍼', 99074, 48, 48),
(949, 'DISCOVERY EXPEDITION 슬리퍼', 12788, 49, 48),
(950, 'SUARE 슬리퍼', 71026, 50, 48),
(951, 'MAISON MINED 슬리퍼', 11837, 51, 48),
(952, 'ADIDAS 슬리퍼', 36485, 52, 48),
(953, 'COVERNAT 슬리퍼', 51453, 53, 48),
(954, 'DRAW FIT 슬리퍼', 76555, 54, 48),
(955, 'DR.MARTENS 슬리퍼', 73408, 55, 48),
(956, 'LAFUDGESTORE 슬리퍼', 81839, 56, 48),
(957, 'LOOKAST 슬리퍼', 65482, 57, 48),
(958, 'LUV IS TRUE 슬리퍼', 56243, 58, 48),
(959, 'PARTIMENTO단독 슬리퍼', 85361, 59, 48),
(960, 'ROLAROLA 슬리퍼', 82255, 60, 48),
(961, 'SCULPTOR 기타 신발', 15254, 61, 49),
(962, 'SOVERMENT 기타 신발', 56075, 62, 49),
(963, 'THISISNEVERTHAT 기타 신발', 48661, 63, 49),
(964, 'UNIFORM BRIDGE 기타 신발', 12300, 64, 49),
(965, 'VANS 기타 신발', 32300, 65, 49),
(966, 'XERO 기타 신발', 52345, 66, 49),
(967, 'INSILENCE 기타 신발', 29088, 67, 49),
(968, 'OIOI 기타 신발', 35061, 68, 49),
(969, 'FILLUMINATE 기타 신발', 96061, 69, 49),
(970, 'JEMUT 기타 신발', 65650, 70, 49),
(971, 'MUSINSA STANDARD 기타 신발', 66055, 71, 49),
(972, 'NATIONALGEOGRAPHIC 기타 신발', 21589, 72, 49),
(973, 'FFROI 기타 신발', 85642, 73, 49),
(974, 'FIND KAPOOR 기타 신발', 84638, 74, 49),
(975, 'ROCKFISH WEATHERWEAR 기타 신발', 36510, 75, 49),
(976, 'AMOMENTO 기타 신발', 28046, 76, 49),
(977, 'TRILLION 기타 신발', 11517, 77, 49),
(978, 'ESPIONAGE 기타 신발', 68735, 78, 49),
(979, 'BRANDED 기타 신발', 16818, 79, 49),
(980, 'COSTUME O’CLOCK 기타 신발', 61260, 80, 49),
(981, 'INSTANTFUNK 모카신/보트 슈즈', 13037, 81, 50),
(982, 'ANOTHER OFFICE 모카신/보트 슈즈', 76743, 82, 50),
(983, 'BRENSON 모카신/보트 슈즈', 21251, 83, 50),
(984, 'CITY BREEZE 모카신/보트 슈즈', 33166, 84, 50),
(985, 'COOR 모카신/보트 슈즈', 46658, 85, 50),
(986, 'DIMITRI BLACK 모카신/보트 슈즈', 39482, 86, 50),
(987, 'DOFFJASON 모카신/보트 슈즈', 20610, 87, 50),
(988, 'FRIZMWORKS 모카신/보트 슈즈', 58830, 88, 50),
(989, 'HUNTER 모카신/보트 슈즈', 51634, 89, 50),
(990, 'IL CORSO 모카신/보트 슈즈', 17924, 90, 50),
(991, 'MAC MOC 모카신/보트 슈즈', 62949, 91, 50),
(992, 'MILLIONCOR 모카신/보트 슈즈', 50587, 92, 50),
(993, 'MODNINE 모카신/보트 슈즈', 85391, 93, 50),
(994, 'NEW BALANCE 모카신/보트 슈즈', 80227, 94, 50),
(995, 'NICK&NICOLE 모카신/보트 슈즈', 85134, 95, 50),
(996, 'NOMANUAL 모카신/보트 슈즈', 18285, 96, 50),
(997, 'OUTSTANDING 모카신/보트 슈즈', 46251, 97, 50),
(998, 'POLO RALPH LAUREN 모카신/보트 슈즈', 56451, 98, 50),
(999, 'REORG 모카신/보트 슈즈', 11688, 99, 50),
(1000, 'TOFFEE 모카신/보트 슈즈', 97646, 100, 50);
